{
	"info": {
		"_postman_id": "234b5a6c-0082-4958-9961-0b2741ccaaf1",
		"name": "EduConnect API",
		"description": "Postman collection to test EduConnect MERN backend",
		"schema": "https://schema.getpostman.com/json/collection/v2.1.0/collection.json",
		"_exporter_id": "38921132"
	},
	"item": [
		{
			"name": "Auth",
			"item": [
				{
					"name": "Register",
					"request": {
						"method": "POST",
						"header": [
							{
								"key": "Content-Type",
								"value": "application/json"
							}
						],
						"body": {
							"mode": "raw",
							"raw": "{\n  \"name\": \"Ali Khan\",\n  \"email\": \"ali@student.com\",\n  \"password\": \"123456\",\n  \"role\": \"student\"\n}",
							"options": {
								"raw": {
									"language": "json"
								}
							}
						},
						"url": {
							"raw": "{{baseUrl}}/api/auth/register",
							"host": [
								"{{baseUrl}}"
							],
							"path": [
								"api",
								"auth",
								"register"
							]
						}
					},
					"response": []
				},
				{
					"name": "Login",
					"request": {
						"method": "POST",
						"header": [
							{
								"key": "Content-Type",
								"value": "application/json"
							}
						],
						"body": {
							"mode": "raw",
							"raw": "{\n  \"email\": \"ali@student.com\",\n  \"password\": \"123456\"\n}",
							"options": {
								"raw": {
									"language": "json"
								}
							}
						},
						"url": {
							"raw": "{{baseUrl}}/api/auth/login",
							"host": [
								"{{baseUrl}}"
							],
							"path": [
								"api",
								"auth",
								"login"
							]
						}
					},
					"response": []
				},
				{
					"name": "Profile",
					"protocolProfileBehavior": {
						"disableBodyPruning": true
					},
					"request": {
						"auth": {
							"type": "bearer",
							"bearer": [
								{
									"key": "token",
									"value": "eyJhbGciOiJIUzI1NiIsInR5cCI6IkpXVCJ9.eyJpZCI6IjY3ZThmYzg4OTk2MzQ0OGMyZWI1MDBiNiIsImlhdCI6MTc0MzMyMjI0OSwiZXhwIjoxNzQ1OTE0MjQ5fQ.axhkTMnuaYkON9nacArVqm61r41b0buTTVt3bW4OMOI",
									"type": "string"
								}
							]
						},
						"method": "GET",
						"header": [
							{
								"key": "",
								"value": "",
								"type": "text",
								"disabled": true
							}
						],
						"body": {
							"mode": "raw",
							"raw": "",
							"options": {
								"raw": {
									"language": "json"
								}
							}
						},
						"url": {
							"raw": "{{baseUrl}}/api/auth/profile",
							"host": [
								"{{baseUrl}}"
							],
							"path": [
								"api",
								"auth",
								"profile"
							]
						}
					},
					"response": []
				}
			]
		},
		{
			"name": "Student",
			"item": [
				{
					"name": "Search Tutor",
					"request": {
						"method": "GET",
						"header": [],
						"url": {
							"raw": "http://localhost:5000/api/tutors/search?subject=math&city=Lahore&priceMin=500&priceMax=1500&rating=4&availability=Monday",
							"protocol": "http",
							"host": [
								"localhost"
							],
							"port": "5000",
							"path": [
								"api",
								"tutors",
								"search"
							],
							"query": [
								{
									"key": "subject",
									"value": "math"
								},
								{
									"key": "city",
									"value": "Lahore"
								},
								{
									"key": "priceMin",
									"value": "500"
								},
								{
									"key": "priceMax",
									"value": "1500"
								},
								{
									"key": "rating",
									"value": "4"
								},
								{
									"key": "availability",
									"value": "Monday"
								}
							]
						}
					},
					"response": []
				},
				{
					"name": "Booking Session",
					"request": {
						"method": "POST",
						"header": [],
						"body": {
							"mode": "raw",
							"raw": "{\r\n  \"tutor\": \"67e9013857851519f4c5d28c\",\r\n  \"date\": \"2025-04-02\",\r\n  \"time\": \"2:00 PM\",\r\n  \"type\": \"online\"\r\n}\r\n",
							"options": {
								"raw": {
									"language": "json"
								}
							}
						},
						"url": {
							"raw": "http://localhost:5000/api/sessions/book",
							"protocol": "http",
							"host": [
								"localhost"
							],
							"port": "5000",
							"path": [
								"api",
								"sessions",
								"book"
							]
						}
					},
					"response": []
				},
				{
					"name": "View My Sessions",
					"request": {
						"method": "GET",
						"header": [],
						"url": {
							"raw": "http://localhost:5000/api/sessions/my",
							"protocol": "http",
							"host": [
								"localhost"
							],
							"port": "5000",
							"path": [
								"api",
								"sessions",
								"my"
							]
						}
					},
					"response": []
				},
				{
					"name": "Update Session (Reschedule)",
					"request": {
						"method": "PUT",
						"header": [],
						"body": {
							"mode": "raw",
							"raw": "{\r\n  \"date\": \"2025-04-03\",\r\n  \"time\": \"5:00 PM\"\r\n}\r\n",
							"options": {
								"raw": {
									"language": "json"
								}
							}
						},
						"url": {
							"raw": "http://localhost:5000/api/sessions/67e904c3e691d5c3253ca91f",
							"protocol": "http",
							"host": [
								"localhost"
							],
							"port": "5000",
							"path": [
								"api",
								"sessions",
								"67e904c3e691d5c3253ca91f"
							]
						}
					},
					"response": []
				},
				{
					"name": "Cancel Session",
					"request": {
						"method": "DELETE",
						"header": [],
						"url": {
							"raw": "http://localhost:5000/api/sessions/67e90819e1b8e8c5f5cee673",
							"protocol": "http",
							"host": [
								"localhost"
							],
							"port": "5000",
							"path": [
								"api",
								"sessions",
								"67e90819e1b8e8c5f5cee673"
							]
						}
					},
					"response": []
				},
				{
					"name": "Submit Review",
					"request": {
						"method": "POST",
						"header": [],
						"body": {
							"mode": "raw",
							"raw": "{\r\n  \"session\": \"67e909a1fcc8d558560514e4\",\r\n  \"rating\": 5,\r\n  \"reviewText\": \"Great session, very helpful!\"\r\n}\r\n",
							"options": {
								"raw": {
									"language": "json"
								}
							}
						},
						"url": {
							"raw": "http://localhost:5000/api/reviews",
							"protocol": "http",
							"host": [
								"localhost"
							],
							"port": "5000",
							"path": [
								"api",
								"reviews"
							]
						}
					},
					"response": []
				},
				{
					"name": "Get Reviews for Tutor",
					"request": {
						"method": "GET",
						"header": [],
						"url": {
							"raw": "http://localhost:5000/api/reviews/67e9013857851519f4c5d28c",
							"protocol": "http",
							"host": [
								"localhost"
							],
							"port": "5000",
							"path": [
								"api",
								"reviews",
								"67e9013857851519f4c5d28c"
							]
						}
					},
					"response": []
				},
				{
					"name": "Add Tutor",
					"request": {
						"method": "POST",
						"header": [],
						"url": {
							"raw": "http://localhost:5000/api/wishlist/67e9013857851519f4c5d28c",
							"protocol": "http",
							"host": [
								"localhost"
							],
							"port": "5000",
							"path": [
								"api",
								"wishlist",
								"67e9013857851519f4c5d28c"
							]
						}
					},
					"response": []
				},
				{
					"name": "Remove Tutor",
					"request": {
						"method": "DELETE",
						"header": [],
						"url": {
							"raw": "http://localhost:5000/api/wishlist/67e9013857851519f4c5d28c",
							"protocol": "http",
							"host": [
								"localhost"
							],
							"port": "5000",
							"path": [
								"api",
								"wishlist",
								"67e9013857851519f4c5d28c"
							]
						}
					},
					"response": []
				},
				{
					"name": "Get Wishlist",
					"request": {
						"method": "GET",
						"header": [],
						"url": {
							"raw": "http://localhost:5000/api/wishlist",
							"protocol": "http",
							"host": [
								"localhost"
							],
							"port": "5000",
							"path": [
								"api",
								"wishlist"
							]
						}
					},
					"response": []
				},
				{
					"name": "View Notifications",
					"request": {
						"method": "GET",
						"header": [],
						"url": {
							"raw": "http://localhost:5000/api/notifications",
							"protocol": "http",
							"host": [
								"localhost"
							],
							"port": "5000",
							"path": [
								"api",
								"notifications"
							]
						}
					},
					"response": []
				}
			],
			"auth": {
				"type": "bearer",
				"bearer": [
					{
						"key": "token",
						"value": "eyJhbGciOiJIUzI1NiIsInR5cCI6IkpXVCJ9.eyJpZCI6IjY3ZThmYzg4OTk2MzQ0OGMyZWI1MDBiNiIsImlhdCI6MTc0MzMyNDI2OSwiZXhwIjoxNzQ1OTE2MjY5fQ.YpsS9ZFwIADyq-RJtmI9i2iBWAKPXPbMkTVESmOB5bw",
						"type": "string"
					}
				]
			},
			"event": [
				{
					"listen": "prerequest",
					"script": {
						"type": "text/javascript",
						"packages": {},
						"exec": [
							""
						]
					}
				},
				{
					"listen": "test",
					"script": {
						"type": "text/javascript",
						"packages": {},
						"exec": [
							""
						]
					}
				}
			]
		},
		{
			"name": "Tutor",
			"item": [
				{
					"name": "Tutor Profile",
					"request": {
						"method": "GET",
						"header": [],
						"url": {
							"raw": "http://localhost:5000/api/tutors/profile",
							"protocol": "http",
							"host": [
								"localhost"
							],
							"port": "5000",
							"path": [
								"api",
								"tutors",
								"profile"
							]
						}
					},
					"response": []
				},
				{
					"name": "Update Tutor Profile",
					"request": {
						"method": "PUT",
						"header": [],
						"body": {
							"mode": "raw",
							"raw": "{\r\n  \"bio\": \"Experienced CS tutor\",\r\n  \"subjects\": [\"Computer Science\", \"Data Structures\"],\r\n  \"hourlyRate\": 500,\r\n  \"availability\": [\"Monday 2pm\", \"Friday 4pm\"],\r\n  \"teachingPreferences\": \"online\"\r\n}\r\n",
							"options": {
								"raw": {
									"language": "json"
								}
							}
						},
						"url": {
							"raw": "http://localhost:5000/api/tutors/profile",
							"protocol": "http",
							"host": [
								"localhost"
							],
							"port": "5000",
							"path": [
								"api",
								"tutors",
								"profile"
							]
						}
					},
					"response": []
				},
				{
					"name": "Tutor Submits Verification",
					"request": {
						"method": "POST",
						"header": [],
						"body": {
							"mode": "raw",
							"raw": "{\r\n  \"documents\": [\"doc1.jpg\", \"certificate.pdf\"]\r\n}\r\n",
							"options": {
								"raw": {
									"language": "json"
								}
							}
						},
						"url": {
							"raw": "http://localhost:5000/api/verification",
							"protocol": "http",
							"host": [
								"localhost"
							],
							"port": "5000",
							"path": [
								"api",
								"verification"
							]
						}
					},
					"response": []
				},
				{
					"name": "Tutor Gets Their Verification",
					"request": {
						"method": "GET",
						"header": [],
						"url": {
							"raw": "http://localhost:5000/api/verification/me",
							"protocol": "http",
							"host": [
								"localhost"
							],
							"port": "5000",
							"path": [
								"api",
								"verification",
								"me"
							]
						}
					},
					"response": []
				},
				{
					"name": "Get Tutor Sessions",
					"request": {
						"method": "GET",
						"header": [],
						"url": {
							"raw": "http://localhost:5000/api/sessions/tutor",
							"protocol": "http",
							"host": [
								"localhost"
							],
							"port": "5000",
							"path": [
								"api",
								"sessions",
								"tutor"
							]
						}
					},
					"response": []
				},
				{
					"name": "Accept or Decline a Session",
					"request": {
						"method": "PUT",
						"header": [],
						"body": {
							"mode": "raw",
							"raw": "{\r\n  \"action\": \"accept\"\r\n}\r\n",
							"options": {
								"raw": {
									"language": "json"
								}
							}
						},
						"url": {
							"raw": "http://localhost:5000/api/sessions/respond/67e909a1fcc8d558560514e4",
							"protocol": "http",
							"host": [
								"localhost"
							],
							"port": "5000",
							"path": [
								"api",
								"sessions",
								"respond",
								"67e909a1fcc8d558560514e4"
							]
						}
					},
					"response": []
				},
				{
					"name": "Mark a Session as Completed",
					"request": {
						"method": "PUT",
						"header": [],
						"url": {
							"raw": "http://localhost:5000/api/sessions/complete/67e909a1fcc8d558560514e4",
							"protocol": "http",
							"host": [
								"localhost"
							],
							"port": "5000",
							"path": [
								"api",
								"sessions",
								"complete",
								"67e909a1fcc8d558560514e4"
							]
						}
					},
					"response": []
				},
				{
					"name": "Get Earnings Summary",
					"request": {
						"method": "GET",
						"header": [],
						"url": {
							"raw": "http://localhost:5000/api/earnings/summary?startDate=2025-03-01&endDate=2025-03-30",
							"protocol": "http",
							"host": [
								"localhost"
							],
							"port": "5000",
							"path": [
								"api",
								"earnings",
								"summary"
							],
							"query": [
								{
									"key": "startDate",
									"value": "2025-03-01"
								},
								{
									"key": "endDate",
									"value": "2025-03-30"
								}
							]
						}
					},
					"response": []
				}
			],
			"auth": {
				"type": "bearer",
				"bearer": [
					{
						"key": "token",
						"value": "eyJhbGciOiJIUzI1NiIsInR5cCI6IkpXVCJ9.eyJpZCI6IjY3ZTkwMTM4NTc4NTE1MTlmNGM1ZDI4YyIsImlhdCI6MTc0MzMyMzQ0OCwiZXhwIjoxNzQ1OTE1NDQ4fQ.qpvCMnexIlxt7npgqzLs2NaY50lHD6vCWq65VpaxgzA",
						"type": "string"
					}
				]
			},
			"event": [
				{
					"listen": "prerequest",
					"script": {
						"type": "text/javascript",
						"packages": {},
						"exec": [
							""
						]
					}
				},
				{
					"listen": "test",
					"script": {
						"type": "text/javascript",
						"packages": {},
						"exec": [
							""
						]
					}
				}
			]
		},
		{
			"name": "Admin",
			"item": [
				{
					"name": "Admin Gets All Pending",
					"request": {
						"method": "GET",
						"header": [],
						"url": {
							"raw": "http://localhost:5000/api/verification/pending",
							"protocol": "http",
							"host": [
								"localhost"
							],
							"port": "5000",
							"path": [
								"api",
								"verification",
								"pending"
							]
						}
					},
					"response": []
				},
				{
					"name": "Admin Updates Status",
					"request": {
						"method": "PUT",
						"header": [],
						"body": {
							"mode": "raw",
							"raw": "{\r\n  \"status\": \"approved\",\r\n  \"adminComments\": \"Verified through valid documents\"\r\n}\r\n",
							"options": {
								"raw": {
									"language": "json"
								}
							}
						},
						"url": {
							"raw": "http://localhost:5000/api/verification/67e902a99b699e3a6b166e4d",
							"protocol": "http",
							"host": [
								"localhost"
							],
							"port": "5000",
							"path": [
								"api",
								"verification",
								"67e902a99b699e3a6b166e4d"
							]
						}
					},
					"response": []
				},
				{
					"name": "Get Popular Subjects",
					"request": {
						"method": "GET",
						"header": [],
						"url": {
							"raw": "http://localhost:5000/api/reports/subjects",
							"protocol": "http",
							"host": [
								"localhost"
							],
							"port": "5000",
							"path": [
								"api",
								"reports",
								"subjects"
							]
						}
					},
					"response": []
				},
				{
					"name": "Get Session Stats",
					"request": {
						"method": "GET",
						"header": [],
						"url": {
							"raw": "http://localhost:5000/api/reports/sessions",
							"protocol": "http",
							"host": [
								"localhost"
							],
							"port": "5000",
							"path": [
								"api",
								"reports",
								"sessions"
							]
						}
					},
					"response": []
				},
				{
					"name": "Get User Stats (by city and month)",
					"request": {
						"method": "GET",
						"header": [],
						"url": {
							"raw": "http://localhost:5000/api/reports/users",
							"protocol": "http",
							"host": [
								"localhost"
							],
							"port": "5000",
							"path": [
								"api",
								"reports",
								"users"
							]
						}
					},
					"response": []
				}
			],
			"auth": {
				"type": "bearer",
				"bearer": [
					{
						"key": "token",
						"value": "eyJhbGciOiJIUzI1NiIsInR5cCI6IkpXVCJ9.eyJpZCI6IjY3ZTkwMmUxOWI2OTllM2E2YjE2NmU1MiIsImlhdCI6MTc0MzMyMzg3MywiZXhwIjoxNzQ1OTE1ODczfQ.x6BR3bFvPg3c3Eqg7pQm32Fvzh0eIa1RqfKSmFyFtYw",
						"type": "string"
					}
				]
			},
			"event": [
				{
					"listen": "prerequest",
					"script": {
						"type": "text/javascript",
						"packages": {},
						"exec": [
							""
						]
					}
				},
				{
					"listen": "test",
					"script": {
						"type": "text/javascript",
						"packages": {},
						"exec": [
							""
						]
					}
				}
			]
		}
	],
	"variable": [
		{
			"key": "baseUrl",
			"value": "http://localhost:5000"
		},
		{
			"key": "studentToken",
			"value": ""
		},
		{
			"key": "tutorToken",
			"value": ""
		},
		{
			"key": "adminToken",
			"value": ""
		}
	]
}